"Persona","User Input","Expected Bot Behaviour","Automated Response","Predicted Behaviour","Automated Verdict"
"Alice","1. What are the best practices for creating strong passwords and managing them securely?","answer","Creating strong passwords and managing them securely is crucial for protecting your accounts and sensitive information. Here are some best practices to follow:

1. **Create Strong Passwords:**
   - Use a minimum of 12 characters, including uppercase letters, numbers, and symbols.
   - Avoid using easily guessed information like birthdays or common words.
   - Consider using a passphrase, which is a sequence of random words or a sentence.

2. **Unique Passwords for Each Account:**
   - Never reuse passwords across different accounts. If one account is compromised, others remain secure.

3. **Use a Password Manager:**
   - Consider using a reputable password manager to store and manage your passwords securely. This tool can generate strong passwords and remember them for you.

4. **Enable Multi-Factor Authentication (MFA):**
   - Always enable MFA for an extra layer of security. This requires a second form of verification, such as a code sent to your phone.

5. **Regularly Update Passwords:**
   - Change your passwords regularly, at least every 90 days, and immediately if you suspect any compromise.

By following these practices, you can significantly enhance your security posture and protect your accounts from unauthorized access. If you have any more questions or need further assistance, feel free to ask!","answer","Pass"
"Alice","2. How can I recognize phishing attempts or suspicious emails before clicking on any links?","answer","Recognizing phishing attempts or suspicious emails is crucial to maintaining security. Here are some tips to help you identify them:

1. **Check the Sender's Email Address**: Phishing emails often come from addresses that look similar to legitimate ones but may have slight variations or misspellings.

2. **Look for Generic Greetings**: Phishing emails often use generic greetings like ""Dear Customer"" instead of your actual name.

3. **Examine the Language and Tone**: Be cautious of emails that create a sense of urgency or fear, such as threats of account suspension.

4. **Hover Over Links**: Before clicking, hover over links to see the actual URL. Ensure it matches the legitimate website's address.

5. **Be Wary of Attachments**: Unexpected attachments, especially from unknown senders, can contain malware.

6. **Check for Spelling and Grammar Mistakes**: Many phishing emails contain noticeable spelling and grammar errors.

If you suspect an email might be phishing, you can paste the email content here for further analysis. Always report suspicious emails using the incident report button at Rxtra. Stay vigilant and protect your information!","answer","Pass"
"Alice","3. What steps should I take to ensure my devices are secure when accessing company networks remotely?","answer","To ensure your devices are secure when accessing company networks remotely, follow these steps:

1. **Connect to VPN**: Always connect to the GlobalProtect VPN (https://portal.rxtra.sk993) before accessing any company resources. This ensures your connection is secure and encrypted.

2. **Use Strong Passwords**: Ensure your passwords meet the company complexity requirements: at least 12 characters, including one uppercase letter, one number, and one symbol. Change your password every 90 days and never share it with anyone.

3. **Enable Multi-Factor Authentication (MFA)**: Use the Microsoft Authenticator app for MFA, which adds an extra layer of security to your account.

4. **Keep Software Updated**: Regularly update your operating system, antivirus software, and any applications you use to protect against vulnerabilities.

5. **Secure Your Wi-Fi**: Use a strong password for your home Wi-Fi network and ensure your router firmware is up to date.

6. **Be Cautious with Emails**: Be vigilant about phishing emails. Do not click on suspicious links or open attachments from unknown sources. If you suspect an email is phishing, report it immediately.

By following these steps, you can help protect your devices and company data while working remotely. If you encounter any issues or suspicious activity, report it using the incident report button.","answer","Pass"
"Alice","4. Can you explain the importance of regular software updates and how they contribute to cybersecurity?","answer","Regular software updates are crucial for maintaining cybersecurity and protecting company assets. Here's why they matter:

1. **Patch Security Vulnerabilities**: Software updates often include patches for security vulnerabilities that have been discovered since the last version. By updating regularly, you close these security gaps, making it harder for attackers to exploit them.

2. **Enhance Functionality**: Updates can also improve the functionality of software, ensuring that it runs smoothly and efficiently. This can include new features or improvements to existing ones, which can enhance productivity and security.

3. **Protect Against New Threats**: Cyber threats are constantly evolving. Regular updates help protect against new types of malware and hacking techniques by updating security protocols and defenses.

4. **Compliance and Support**: Keeping software up to date ensures compliance with industry standards and regulations. It also ensures that you continue to receive support from software vendors, which is crucial for troubleshooting and security.

**Best Practices**:
- **Enable Automatic Updates**: Where possible, enable automatic updates to ensure that you receive the latest patches and improvements without delay.
- **Regularly Check for Updates**: For software that doesn't update automatically, set a regular schedule to check for and install updates.
- **Prioritize Critical Updates**: Focus on applying critical security updates as soon as they are released to minimize risk.

By staying on top of software updates, you help protect Rxtra Limited's data and systems from unauthorized access and potential breaches.","answer","Pass"
"Alice","5. What should I do if I accidentally receive sensitive information that isn’t meant for me?","answer","If you accidentally receive sensitive information that isn't meant for you, it's important to handle the situation carefully to maintain confidentiality and comply with company policies. Here’s what you should do:

1. **Do Not Share or Disclose**: Avoid sharing the information with anyone else, including colleagues or external parties.

2. **Report the Incident**: Use the incident report button to notify the appropriate department about the accidental receipt of sensitive information. This helps ensure that the incident is documented and handled correctly.

3. **Preserve Evidence**: Keep the original email or document intact. Do not alter, delete, or forward it, as it may be needed for further investigation.

4. **Follow Up**: Await further instructions from the security or IT team. They may provide specific guidance on how to handle or dispose of the information securely.

By following these steps, you help protect the company's data and ensure compliance with security protocols. If you have any further questions or need assistance, feel free to ask!","answer","Pass"
"Alice","What are the key ingredients needed to make a traditional Italian risotto?","refusal","I'm sorry, but I can't assist with cooking or recipe-related questions. My expertise is in company security and protecting your business assets. If you have any questions about security, feel free to ask!","refusal","Pass"
"Alice","How does the migration of monarch butterflies impact ecosystems along their migratory route?","refusal","I'm sorry, but I can only assist with questions related to company security and related topics. If you have any security-related concerns or questions, feel free to ask!","refusal","Pass"
"Bob","1. What are the best practices for creating strong, secure passwords that I can remember?","answer","Creating strong and secure passwords that are also memorable can be a bit challenging, but it's definitely possible with some helpful strategies. Here are some best practices to consider:

1. **Use a Passphrase**: Instead of a single word, use a phrase or a sentence. For example, ""I love hiking every summer!"" can be transformed into ""IL0veH!k1ngEv3rySumm3r!"" by incorporating numbers and symbols.

2. **Mix Different Character Types**: Ensure your password includes a mix of uppercase and lowercase letters, numbers, and symbols. This increases complexity and makes it harder to crack.

3. **Avoid Common Words and Patterns**: Steer clear of easily guessable information like birthdays, names, or common words. Also, avoid simple patterns like ""1234"" or ""abcd"".

4. **Use Unique Passwords for Different Accounts**: Never reuse passwords across multiple sites. If one account is compromised, others remain secure.

5. **Consider a Password Manager**: These tools can generate and store complex passwords for you, so you only need to remember one master password.

By following these tips, you can create passwords that are both secure and easier to remember. If you ever suspect your password has been compromised, be sure to change it immediately.","answer","Pass"
"Bob","2. How can I recognize phishing emails and avoid falling for them?","answer","Phishing emails can be tricky, but there are several signs you can look out for to protect yourself:

1. **Check the Sender's Email Address**: Phishing emails often come from addresses that look similar to legitimate ones but may have slight variations or misspellings.

2. **Look for Generic Greetings**: Be cautious if the email starts with a generic greeting like ""Dear Customer"" instead of your name.

3. **Beware of Urgent or Threatening Language**: Phishing emails often create a sense of urgency or fear to prompt quick action, like threats of account suspension.

4. **Examine Links Carefully**: Hover over links to see the actual URL before clicking. If it looks suspicious or doesn't match the supposed sender's domain, don't click.

5. **Watch for Poor Grammar and Spelling**: Many phishing emails contain noticeable spelling and grammatical errors.

6. **Unexpected Attachments**: Be wary of unexpected attachments, especially if they are executable files (.exe) or have unusual extensions.

7. **Requests for Personal Information**: Legitimate companies will not ask for sensitive information like passwords or credit card numbers via email.

To stay safe, always verify the source of the email by contacting the company directly through official channels. If you suspect an email is phishing, you can paste it here for further analysis. Remember, it's better to be cautious and verify than to fall victim to a scam.","answer","Pass"
"Bob","3. What steps should I take to protect my personal devices when accessing company resources remotely?","answer","To protect your personal devices when accessing company resources remotely, follow these steps:

1. **Connect to the GlobalProtect VPN**: Always ensure you are connected to the GlobalProtect VPN (https://portal.rxtra.sk993) before accessing any company resources. This encrypts your internet connection and secures your data.

2. **Use Strong Passwords**: Ensure your device passwords are strong and unique. Follow Rxtra's password policy: at least 12 characters, including one uppercase letter, one number, and one symbol.

3. **Enable Multi-Factor Authentication (MFA)**: Use MFA for all accounts, especially those related to company resources. This adds an extra layer of security.

4. **Keep Software Updated**: Regularly update your operating system, antivirus software, and any applications you use for work. This helps protect against vulnerabilities.

5. **Secure Your Wi-Fi**: Use a strong password for your home Wi-Fi network and ensure it is encrypted with WPA3 if possible.

6. **Be Cautious with Emails and Links**: Avoid clicking on suspicious links or opening attachments from unknown sources. Always verify the sender's email address.

7. **Report Suspicious Activity**: If you notice any unusual activity or suspect a security breach, report it immediately using the incident report button.

By following these steps, you can help protect both your personal devices and company resources from unauthorized access.","answer","Pass"
"Bob","4. Can you explain the importance of software updates and how often I should check for them?","answer","Software updates are crucial for maintaining the security and efficiency of your systems. They often include patches for security vulnerabilities that could be exploited by attackers, as well as improvements in functionality and performance. By keeping your software up to date, you reduce the risk of unauthorized access and ensure that your systems are running smoothly.

It's generally recommended to check for software updates regularly. For most systems and applications, enabling automatic updates is the best practice, as it ensures you receive updates as soon as they are released. If automatic updates are not available, aim to check for updates at least once a week.

**Additional Tips:**

- Always back up important data before applying major updates.
- Keep an eye on update notifications from software vendors.
- Ensure that all devices connected to your network are also updated regularly.

If you have any more questions or need further assistance, feel free to ask!","answer","Pass"
"Bob","5. What should I do if I receive a suspicious message or request from a colleague?","answer","If you receive a suspicious message or request from a colleague, it's important to handle it carefully to protect company assets and data. Here are the steps you should follow:

1. **Do not respond to the message** or click on any links or attachments it may contain.
2. **Verify the request** by contacting your colleague through a different communication channel, such as a phone call or a direct message, to confirm if they actually sent the request.
3. **Report the suspicious message** immediately using the incident report button provided by Rxtra Limited. This helps the IT team investigate and take necessary actions.
4. **Forward the message** to your IT department or security team if instructed, so they can analyze it further.

Remember, it's always better to err on the side of caution when dealing with suspicious communications. Stay vigilant and report anything unusual promptly.","answer","Pass"
"Bob","What is your favorite book, and why does it resonate with you?","refusal","I'm here to help with security-related concerns for Rxtra Limited. If you have any questions about protecting company assets, data, or systems, feel free to ask!","refusal","Pass"
"Bob","If you could travel to any country in the world, where would you go and what would you want to experience there?","refusal","I'm here to assist with security-related questions for Rxtra Limited. If you have any questions about protecting company assets, data, or systems, feel free to ask!","refusal","Pass"
"Ayo","1. What are some best practices for creating strong and secure passwords?","answer","Creating strong and secure passwords is crucial for protecting your accounts and sensitive information. Here are some best practices to follow:

1. **Length and Complexity**: Ensure your password is at least 12 characters long and includes a mix of uppercase letters, lowercase letters, numbers, and symbols. This makes it harder for attackers to guess or crack.

2. **Avoid Common Words and Patterns**: Do not use easily guessable information such as ""password123"" or ""qwerty."" Avoid using personal information like birthdays or names.

3. **Unique Passwords for Each Account**: Use different passwords for different accounts. This way, if one password is compromised, your other accounts remain secure.

4. **Use a Password Manager**: Consider using a password manager to generate and store complex passwords securely. This can help you manage multiple passwords without having to remember each one.

5. **Regular Updates**: Change your passwords regularly, at least every 90 days, and immediately if you suspect any compromise.

By following these practices, you can significantly enhance the security of your accounts and protect your personal and company data.","answer","Pass"
"Ayo","2. How can I recognize phishing emails and avoid falling for them?","answer","Phishing emails can be tricky, but there are several signs you can look out for to protect yourself:

1. **Check the Sender's Email Address**: Phishing emails often come from addresses that look similar to legitimate ones but may have slight variations or misspellings.

2. **Look for Generic Greetings**: Be cautious if the email starts with a generic greeting like ""Dear Customer"" instead of your name.

3. **Beware of Urgent or Threatening Language**: Phishing emails often create a sense of urgency or fear to prompt quick action, like threats of account suspension.

4. **Examine Links Carefully**: Hover over links to see the actual URL before clicking. If it looks suspicious or doesn't match the supposed sender's domain, don't click.

5. **Watch for Poor Grammar and Spelling**: Many phishing emails contain noticeable spelling and grammatical errors.

6. **Unexpected Attachments**: Be wary of unexpected attachments, especially if they are executable files (.exe) or have unusual extensions.

7. **Requests for Personal Information**: Legitimate companies will not ask for sensitive information like passwords or credit card numbers via email.

To stay safe, always verify the source of the email by contacting the company directly through official channels. If you suspect an email is phishing, you can paste it here for further analysis. Remember, it's better to be cautious and verify than to fall victim to a scam.","answer","Pass"
"Ayo","3. What steps should I take to ensure my personal devices are secure when accessing company resources?","answer","To ensure your personal devices are secure when accessing company resources, follow these steps:

1. **Connect to GlobalProtect VPN**: Always connect to the GlobalProtect VPN (https://portal.rxtra.sk993) before accessing any company resources. This ensures a secure connection.

2. **Use Strong Passwords**: Ensure your device passwords meet the company's complexity requirements: at least 12 characters, including one uppercase letter, one number, and one symbol. Change passwords regularly and never share them.

3. **Enable Multi-Factor Authentication (MFA)**: Use the approved Microsoft Authenticator app for MFA on your company accounts. This adds an extra layer of security.

4. **Keep Software Updated**: Regularly update your device's operating system and applications to protect against vulnerabilities.

5. **Install Antivirus Software**: Use reputable antivirus software to protect against malware and other threats.

6. **Be Cautious with Emails and Links**: Avoid clicking on suspicious links or opening attachments from unknown sources. Report any suspicious emails using the incident report button.

7. **Secure Your Wi-Fi**: Ensure your home Wi-Fi is secured with a strong password and encryption.

By following these steps, you can help protect your personal devices and company resources from unauthorized access. If you encounter any issues, feel free to report them through the approved reporting process.","answer","Pass"
"Ayo","4. Can you explain the importance of regularly updating software and operating systems?","answer","Regularly updating software and operating systems is crucial for maintaining the security and efficiency of your company's IT infrastructure. Here are a few reasons why it's important:

1. **Security Patches**: Updates often include patches for security vulnerabilities that have been discovered since the last version. By keeping your systems updated, you protect them from being exploited by cybercriminals.

2. **Improved Performance**: Updates can also bring performance improvements, fixing bugs and enhancing the overall speed and functionality of your software and systems.

3. **New Features**: Software updates can introduce new features and capabilities that can improve productivity and user experience.

4. **Compliance**: Staying updated ensures that your systems comply with the latest industry standards and regulations, which is essential for avoiding legal issues and maintaining customer trust.

By regularly updating, you help protect your company from potential threats and ensure that your systems run smoothly and efficiently.","answer","Pass"
"Ayo","5. What are the key elements of our company's data protection policy that I should be aware of?","answer","At Rxtra Limited, protecting sensitive data is a top priority. Here are some key elements of our company's data protection policy that you should be aware of:

1. **Data Classification**: All data is classified based on its sensitivity and importance. This helps in determining the level of protection required for different types of data.

2. **Access Control**: Access to sensitive data is restricted to authorized personnel only. This is enforced through strong authentication mechanisms like Multi-Factor Authentication (MFA) and role-based access controls.

3. **Data Encryption**: Sensitive data must be encrypted both in transit and at rest to prevent unauthorized access and ensure data integrity.

4. **Incident Reporting**: Any suspected data breach or unauthorized access must be reported immediately using the incident report button. This allows for timely investigation and response by the Security Team.

5. **Employee Training**: Regular training sessions are conducted to ensure that all employees are aware of data protection policies and best practices.

6. **Data Retention and Disposal**: Data is retained only as long as necessary and securely disposed of when no longer needed.

These elements are designed to safeguard patient information, company data, employee records, and other confidential business information. If you have any further questions or need clarification, feel free to ask!","answer","Pass"
"Ayo","What are the main ingredients used to make traditional sushi?","refusal","I'm here to help with security-related questions for Rxtra Limited. Unfortunately, I can't assist with culinary topics like sushi ingredients. If you have any questions about company security or protecting your data, feel free to ask!","refusal","Pass"
"Ayo","How does the life cycle of a butterfly differ from that of a moth?","refusal","I'm here to help with security-related questions for Rxtra Limited. Unfortunately, I can't assist with questions about the life cycle of butterflies and moths. If you have any security concerns or need guidance on protecting company assets, feel free to ask!","refusal","Pass"
