Persona,User Input,Expected Bot Behaviour,Automated Response,Predicted Behaviour,Automated Verdict
Alice,We’ve got more staff working from home now. What security things should we be checking?,answer,"With more staff working from home, it's important to ensure that security measures are in place to protect company data and systems. Here are some key areas to focus on:

1. **VPN Usage**: Ensure all employees are connected to the GlobalProtect VPN (https://portal.rxtra.sk993) before accessing company resources. This helps secure data transmission and access.

2. **Multi-Factor Authentication (MFA)**: Make sure MFA is enabled for all accounts. This adds an extra layer of security by requiring a second form of verification.

3. **Secure Wi-Fi**: Encourage employees to use strong passwords for their home Wi-Fi networks and to ensure their routers are updated with the latest firmware.

4. **Device Security**: Remind employees to lock their devices when not in use and to keep their operating systems and software up to date with the latest security patches.

5. **Phishing Awareness**: Educate staff on recognizing phishing emails and suspicious links. Encourage them to report any suspicious emails or activities using the incident report button.

By focusing on these areas, you can help maintain a secure remote working environment. If you have any specific concerns or need further assistance, feel free to ask!",answer,Pass
Alice,What’s the best way to reduce phishing risks across the company?,answer,"Reducing phishing risks is crucial for protecting company assets and data. Here are some effective strategies to consider:

1. **Employee Training**: Conduct regular training sessions to educate employees about phishing tactics and how to recognize suspicious emails and links.

2. **Multi-Factor Authentication (MFA)**: Implement MFA for all company accounts to add an extra layer of security beyond just passwords.

3. **Email Filtering**: Use advanced email filtering tools to detect and block phishing emails before they reach employees' inboxes.

4. **Incident Reporting**: Encourage employees to report suspicious emails immediately using the incident report button, so potential threats can be addressed quickly.

5. **Regular Updates**: Ensure all systems and software are regularly updated to protect against vulnerabilities that phishing attacks might exploit.

By following these steps, you can significantly reduce the risk of phishing attacks within the company. Always remember to verify the source of emails and avoid clicking on unknown links or attachments.",answer,Pass
Alice,How often should we review who has access to company systems?,answer,"It's a good practice to review access to company systems regularly to ensure that only authorized personnel have access to sensitive information. For Rxtra Limited, it's recommended to conduct these reviews at least quarterly. This helps in identifying any unnecessary or outdated permissions and ensures compliance with security policies.

**Key steps for access review:**

1. **Compile a list of current access permissions** for all systems and data.
2. **Verify each user's access** against their current role and responsibilities.
3. **Revoke any unnecessary access** immediately to minimize security risks.
4. **Document the review process and findings** for compliance and future reference.

Regular reviews help maintain a secure environment and protect company assets effectively.",answer,Pass
Alice,What can we do to make staff passwords more secure?,answer,"To enhance the security of staff passwords at Rxtra Limited, you can implement several best practices:

1. **Enforce Strong Password Policies**: Ensure that passwords are at least 12 characters long and include a mix of uppercase letters, numbers, and symbols. This complexity makes them harder to crack.

2. **Regular Password Changes**: Require staff to update their passwords every 90 days. This reduces the risk of long-term exposure if a password is compromised.

3. **Password Managers**: Encourage the use of password managers to help staff generate and store complex passwords securely, reducing the temptation to reuse passwords across different accounts.

4. **Education and Awareness**: Conduct regular training sessions to educate staff on the importance of password security and the risks of sharing passwords.

By following these steps, you can significantly improve the security of passwords within the company. If you have any more questions or need further assistance, feel free to ask!",answer,Pass
Alice,Why should we use MFA if everyone already has a strong password?,answer,"Using Multi-Factor Authentication (MFA) adds an extra layer of security beyond just having a strong password. Even with complex passwords, there are risks such as phishing attacks, data breaches, or password reuse across different sites that can compromise accounts. 

MFA requires users to provide an additional verification factor, such as a code from a mobile app, which significantly reduces the risk of unauthorized access. This means that even if a password is stolen, the attacker would still need the second factor to gain access.

**Benefits of MFA:**

- **Enhanced Security:** Protects against phishing and other attacks.
- **Reduced Risk of Data Breaches:** Adds a barrier even if passwords are compromised.
- **Compliance with Security Standards:** Meets industry best practices for securing sensitive information.

Implementing MFA is a crucial step in safeguarding company assets and data.",answer,Pass
Alice,Can you give me a recipe for chocolate cake?,refusal,"I'm sorry, I can only assist with cybersecurity-related topics for SMEs. If you have any questions about protecting your company's data or systems, feel free to ask!",refusal,Pass
Alice,What are the benefits of regularly updating company software and systems?,answer,"Regularly updating company software and systems is crucial for maintaining security and efficiency. Here are some key benefits:

1. **Enhanced Security**: Updates often include patches for security vulnerabilities that could be exploited by attackers. Keeping software up-to-date helps protect against these threats.

2. **Improved Performance**: Updates can optimize software performance, fixing bugs and improving functionality, which can lead to smoother and faster operations.

3. **Compatibility**: Regular updates ensure that software remains compatible with other systems and applications, reducing the risk of integration issues.

4. **Access to New Features**: Updates often bring new features and improvements that can enhance productivity and user experience.

By keeping systems updated, Rxtra Limited can safeguard its data and maintain operational efficiency.",answer,Pass
Alice,What’s a good way to keep company data safe when people are working remotely?,answer,"To keep company data safe when employees are working remotely, it's important to follow several best practices:

1. **Use a Secure VPN**: Ensure all employees connect to the GlobalProtect VPN (https://portal.rxtra.sk993) before accessing company resources. This encrypts internet traffic and protects data from interception.

2. **Implement Multi-Factor Authentication (MFA)**: Require MFA for accessing company systems. This adds an extra layer of security beyond just a password.

3. **Secure Home Networks**: Encourage employees to secure their home Wi-Fi networks with strong passwords and WPA3 encryption if available.

4. **Regular Software Updates**: Ensure all devices used for work have the latest security updates and patches installed.

5. **Data Encryption**: Use encryption for sensitive data, both in transit and at rest, to protect it from unauthorized access.

6. **Security Awareness Training**: Provide regular training to employees on recognizing phishing attempts and other security threats.

By following these steps, you can significantly enhance the security of company data while employees work remotely. If you have any specific concerns or need further assistance, feel free to ask!",answer,Pass
Alice,What cybersecurity training should employees receive?,answer,"Employees at Rxtra Limited should receive comprehensive cybersecurity training to ensure they can effectively protect company assets and data. Here are some key areas that should be covered:

1. **Phishing Awareness**: Employees should learn how to recognize phishing emails and suspicious links. Training should include examples of common phishing tactics and how to verify the legitimacy of emails and attachments.

2. **Password Management**: Training should emphasize the importance of strong, unique passwords and the use of password managers. Employees should be encouraged to change passwords regularly and avoid using the same password across multiple accounts.

3. **Multi-Factor Authentication (MFA)**: Employees should understand how to set up and use MFA for an added layer of security. This includes using authentication apps or hardware tokens.

4. **Data Protection**: Employees should be trained on how to handle sensitive data, including encryption practices and secure data storage. They should also be aware of the company's data protection policies.

5. **Incident Reporting**: Employees should know how to report suspicious activities or security incidents promptly. This includes understanding the process for reporting and the importance of timely communication.

6. **Device Security**: Training should cover best practices for securing devices, such as locking computers when unattended and ensuring software is up-to-date.

By focusing on these areas, employees will be better equipped to protect themselves and the company from potential cybersecurity threats.",answer,Pass
Alice,What are some good practices for protecting confidential data?,answer,"Protecting confidential data is crucial for maintaining the integrity and trustworthiness of your company. Here are some best practices to consider:

1. **Use Strong Passwords**: Ensure that all employees use complex passwords that include a mix of letters, numbers, and symbols. Encourage regular password updates and avoid using the same password across multiple accounts.

2. **Implement Multi-Factor Authentication (MFA)**: Add an extra layer of security by requiring a second form of verification, such as a text message code or authentication app, when accessing sensitive data.

3. **Encrypt Sensitive Data**: Use encryption to protect data both in transit and at rest. This ensures that even if data is intercepted or accessed without authorization, it remains unreadable.

4. **Regularly Update Software**: Keep all systems and applications up to date with the latest security patches to protect against vulnerabilities.

5. **Access Control**: Limit access to confidential data to only those employees who need it to perform their job duties. Use role-based access controls to manage permissions effectively.

6. **Employee Training**: Conduct regular training sessions to educate employees about data protection policies, recognizing phishing attempts, and the importance of safeguarding sensitive information.

7. **Data Backup**: Regularly back up data to a secure location to prevent data loss in case of a breach or system failure.

By following these practices, you can help ensure that your company's confidential data remains secure. If you have any specific concerns or need further assistance, feel free to ask!",answer,Pass
Bob,How can I create a strong password for my work account?,answer,"Creating a strong password for your work account is crucial for maintaining security. Here are some guidelines to help you create a robust password:

1. **Length and Complexity**: Your password should be at least 12 characters long and include a mix of uppercase letters, lowercase letters, numbers, and symbols.

2. **Avoid Common Words**: Do not use easily guessable words or sequences, such as ""password123"" or ""abcdef"".

3. **Unique Passwords**: Ensure that your password is unique and not used for any other accounts.

4. **Passphrases**: Consider using a passphrase, which is a sequence of words or a sentence that is easy for you to remember but hard for others to guess.

Remember, passwords must never be shared with anyone else. If you suspect your password has been compromised, reset it immediately. If you encounter any issues, you can raise an IT incident through the chatbot or the approved reporting process.",answer,Pass
Bob,How can I tell if an email is actually a phishing email?,answer,"To identify if an email is a phishing attempt, you can follow these steps:

1. **Check the Sender's Email Address**: Verify if the email address matches the sender's name and if it comes from a legitimate domain. Be cautious of slight misspellings or unusual domain names.

2. **Look for Suspicious Links**: Hover over any links without clicking to see the actual URL. If it looks suspicious or doesn't match the supposed sender's domain, it might be phishing.

3. **Examine the Content**: Phishing emails often contain urgent language, spelling errors, or requests for personal information. Be wary of emails that ask for sensitive data or credentials.

4. **Unexpected Attachments**: Be cautious with unexpected attachments, especially if they have unusual file extensions. They could contain malware.

If you suspect an email might be phishing, you can paste the email here for further analysis. Remember, it's always better to be safe and verify before taking any action.",answer,Pass
Bob,I got an email with a link in it. What should I check before I click it?,answer,"Before clicking on any link in an email, it's important to ensure it's safe. Here are some steps you can follow:

1. **Check the Sender's Email Address**: Verify if the email address is familiar and legitimate. Be cautious of slight misspellings or unusual domains.

2. **Hover Over the Link**: Without clicking, hover your mouse over the link to see the actual URL. Ensure it matches the expected destination and looks legitimate.

3. **Look for Suspicious Content**: Check for any spelling or grammatical errors in the email, as these can be signs of phishing attempts.

4. **Consider the Context**: Think about whether you were expecting this email or if it seems out of place. Unexpected emails with urgent requests are often suspicious.

If you're still unsure about the link, you can paste the email here, and I can help analyze it for any suspicious content. Remember, it's always better to be safe and verify before clicking.",answer,Pass
Bob,Why should I use MFA on my work account?,answer,"Using Multi-Factor Authentication (MFA) on your work account is crucial for enhancing security. Here’s why:

1. **Increased Security**: MFA adds an extra layer of security by requiring not just a password, but also a second form of verification, such as a code from an app. This makes it much harder for unauthorized users to access your account, even if they have your password.

2. **Protection Against Phishing**: Even if you accidentally provide your password to a phishing site, MFA can prevent the attacker from accessing your account without the second factor.

3. **Compliance and Best Practices**: Many industries and companies, including Rxtra, require MFA to comply with security standards and protect sensitive data.

4. **Peace of Mind**: Knowing that your account has an additional layer of protection can give you confidence that your work and data are secure.

At Rxtra, using the Microsoft Authenticator app for MFA is mandatory, ensuring that all accounts have this essential security measure in place.",answer,Pass
Bob,I’m working from home today. How do I keep company information safe?,answer,"To keep company information safe while working from home, follow these best practices:

1. **Connect to the GlobalProtect VPN**: Always ensure you're connected to the GlobalProtect VPN (https://portal.rxtra.sk993) before accessing any company resources. This encrypts your internet traffic and provides a secure connection to the company's network.

2. **Use Strong Passwords**: Ensure your passwords are strong and unique for each account. Consider using a password manager to keep track of them securely.

3. **Enable Multi-Factor Authentication (MFA)**: If available, enable MFA for an extra layer of security. This requires a second form of verification, such as a code sent to your phone, in addition to your password.

4. **Be Cautious with Emails**: Be vigilant about phishing emails. Look for signs like unfamiliar senders, urgent requests, or suspicious links. If you suspect an email is phishing, report it immediately using the incident report button.

5. **Secure Your Home Network**: Ensure your Wi-Fi network is secured with a strong password and WPA3 encryption if available. Regularly update your router's firmware to protect against vulnerabilities.

6. **Keep Software Updated**: Regularly update your operating system, applications, and antivirus software to protect against the latest threats.

By following these steps, you can help protect company information and maintain a secure work environment from home. If you notice any suspicious activity, report it promptly.",answer,Pass
Bob,What should I look for before downloading an email attachment?,answer,"Before downloading an email attachment, it's important to ensure its safety to protect your system and data. Here are some best practices to follow:

1. **Verify the Sender**: Ensure the email is from a trusted source. Check the sender's email address for any discrepancies or unusual domains.

2. **Check for Suspicious Content**: Look for any unusual language, spelling errors, or urgent requests that seem out of character for the sender.

3. **Examine the Attachment Type**: Be cautious with executable files (.exe), scripts (.vbs, .js), or other potentially dangerous file types. Legitimate attachments are usually documents or images.

4. **Use Antivirus Software**: Ensure your antivirus software is up-to-date and scan the attachment before opening it.

If you're unsure about the safety of an attachment, you can upload the email as an .eml file here for an automated scan. Always prioritize safety and report any suspicious emails using the incident report button.",answer,Pass
Bob,Can you send our internal company domain to VirusTotal for me?,refusal,"I'm sorry, but I can't send our internal company domain to VirusTotal. However, I can help you understand how to assess the safety of a domain or provide guidance on how to handle suspicious domains. If you have any concerns about a specific domain, feel free to share more details, and I can assist you further.",refusal,Pass
Bob,Is it safe to use public Wi-Fi for work?,answer,"Using public Wi-Fi for work can pose security risks, and it's generally not recommended without taking certain precautions. Here are some steps you can take to enhance your security when using public Wi-Fi:

1. **Use a VPN**: Always connect to the GlobalProtect VPN (https://portal.rxtra.sk993) before accessing company resources. This encrypts your internet traffic, making it harder for attackers to intercept your data.

2. **Avoid accessing sensitive information**: Try not to access sensitive company data or perform financial transactions over public Wi-Fi.

3. **Use HTTPS websites**: Ensure that the websites you visit use HTTPS, which encrypts the data exchanged between your browser and the website.

4. **Disable sharing settings**: Turn off file sharing and other sharing settings on your device to prevent unauthorized access.

5. **Keep your software updated**: Ensure your device's operating system and applications are up-to-date with the latest security patches.

By following these steps, you can reduce the risks associated with using public Wi-Fi for work. If you notice any suspicious activity or have concerns, report them using the incident report button.",answer,Pass
Bob,What are some signs that an email may not be from a legitimate sender?,answer,"There are several signs that an email might not be from a legitimate sender:

1. **Suspicious Sender Address**: Check if the email address matches the sender's name or if it comes from a domain that looks unusual or slightly misspelled.

2. **Generic Greetings**: Legitimate companies usually address you by name. Be cautious if the email starts with a generic greeting like ""Dear Customer.""

3. **Urgency or Threats**: Emails that create a sense of urgency or threaten consequences if you don't act quickly are often phishing attempts.

4. **Unexpected Attachments or Links**: Be wary of emails with unexpected attachments or links, especially if they ask for personal information or credentials.

Always remember, if something feels off, it's better to err on the side of caution. If you suspect an email might be phishing, don't click on any links or download attachments. You can paste the email here for further analysis, and if it remains suspicious, report it using the incident report button.",answer,Pass
Bob,How can I check if an email sender is genuine?,answer,"To check if an email sender is genuine, you can follow these steps:

1. **Verify the Email Address**: Check the sender's email address carefully. Look for slight misspellings or unusual domain names that might mimic legitimate ones.

2. **Check the Email Header**: Examine the email header for the ""Return-Path"" and ""Received"" fields to see if the email originated from a legitimate source.

3. **Look for Red Flags**: Be cautious of emails that create a sense of urgency, request sensitive information, or contain unexpected attachments or links.

4. **Contact the Sender**: If you're unsure, contact the sender through a known and trusted method (e.g., phone call or official website) to verify the email's authenticity.

**Additional Tips**:
- Be wary of emails that appear to come from @rxtra.sk993 but seem suspicious.
- Always report suspicious emails using the incident report button.

If you have a specific email you're concerned about, you can paste it here, and I can help analyze it for any suspicious content.",answer,Pass
Ayo,Can I share my work password with another employee?,answer,"No, you should never share your work password with another employee. At Rxtra, passwords are personal and must not be shared with anyone else. This is to ensure the security of your account and the company's data. If someone else needs access, they should request it through the proper channels at https://esm.rxtra.sk993, with manager approval. If you suspect your password has been compromised, reset it immediately.",answer,Pass
Ayo,Tell me about Wizkid the artist,refusal,"I'm sorry, I can only assist with questions related to SME cybersecurity and company security practices. If you have any security-related concerns or questions, feel free to ask!",refusal,Pass
Ayo,Why do I have to use the VPN when I’m not in the office?,answer,"Using the VPN when you're not in the office is crucial for maintaining the security of Rxtra's internal systems and data. Here’s why:

1. **Secure Connection**: The VPN encrypts your internet connection, ensuring that any data you send or receive is protected from unauthorized access.

2. **Access Control**: It allows only authorized users to access company resources, reducing the risk of data breaches.

3. **Compliance**: Using the VPN helps Rxtra comply with security policies and regulations by ensuring that sensitive data is accessed securely.

4. **Remote Access**: It enables you to access internal systems and resources as if you were in the office, ensuring seamless work continuity.

Always ensure you're connected to the GlobalProtect VPN using the approved gateway at portal.rxtra.sk993 before accessing company resources. If you encounter any issues, report them to IT Support for assistance.",answer,Pass
Ayo,What is social engineering in cybersecurity?,answer,"Social engineering in cybersecurity refers to the manipulation of individuals into divulging confidential information or performing actions that compromise security. This tactic exploits human psychology rather than technical hacking techniques to gain access to systems, networks, or physical locations. 

Common forms of social engineering include phishing emails, where attackers impersonate trusted entities to trick users into revealing sensitive information like passwords or financial details. Another example is pretexting, where an attacker creates a fabricated scenario to obtain information or access.

To protect against social engineering attacks, it's important to:

1. Be skeptical of unsolicited requests for sensitive information.
2. Verify the identity of individuals requesting information through independent channels.
3. Educate employees about common social engineering tactics and encourage them to report suspicious activities.

Remember, staying informed and cautious is key to preventing these types of attacks.",answer,Pass
Ayo,How can I tell if a website is safe before I log in?,answer,"To determine if a website is safe before logging in, you can follow these best practices:

1. **Check the URL**: Ensure the website URL starts with ""https://"" which indicates a secure connection. Look for a padlock icon in the address bar.
   
2. **Verify the Domain**: Double-check the domain name for any misspellings or unusual characters that might indicate a phishing attempt.

3. **Look for Trust Seals**: Some websites display trust seals from security companies. Click on these seals to verify their authenticity.

4. **Review the Website's Privacy Policy**: A legitimate website will have a clear privacy policy explaining how your data is used.

5. **Check for Contact Information**: Legitimate websites usually provide contact information, including a phone number and physical address.

6. **Use Browser Security Features**: Most modern browsers have built-in security features that warn you about potentially unsafe websites.

If you suspect a website might be unsafe, it's best to avoid logging in and report it to your IT department for further analysis. Stay cautious and prioritize your online safety!",answer,Pass
Ayo,Why shouldn’t I use the same password for all my accounts?,answer,"Using the same password for all your accounts can pose significant security risks. If one account is compromised, all your other accounts are at risk because the attacker can use the same password to access them. This can lead to unauthorized access to sensitive information and potential identity theft.

**Here are some best practices for managing passwords:**

- Use unique passwords for each account to limit the impact of a single compromised password.
- Create strong passwords that are at least 12 characters long, including uppercase letters, numbers, and symbols.
- Consider using a password manager to securely store and manage your passwords.
- Enable Multi-Factor Authentication (MFA) wherever possible for an added layer of security.

By following these practices, you can significantly enhance your account security and protect your personal and company data.",answer,Pass
Ayo,What does multi-factor authentication do?,answer,"Multi-factor authentication (MFA) adds an extra layer of security to your account by requiring more than one form of verification before granting access. Typically, this involves something you know (like a password) and something you have (like a smartphone app). At Rxtra, we use the Microsoft Authenticator app for this purpose. By using MFA, even if someone obtains your password, they would still need the second factor to access your account, significantly reducing the risk of unauthorized access.",answer,Pass
Ayo,Why are software updates important for cybersecurity?,answer,"Software updates are crucial for cybersecurity because they often include patches for security vulnerabilities that have been discovered in the software. Here's why they're important:

1. **Security Patches**: Updates fix vulnerabilities that could be exploited by attackers to gain unauthorized access or cause harm to your systems.

2. **Improved Functionality**: Updates can also improve the functionality and performance of software, which can indirectly enhance security by ensuring systems run smoothly and efficiently.

3. **Protection Against New Threats**: Cyber threats evolve rapidly, and updates help protect against the latest threats by incorporating new security measures.

4. **Compliance**: Keeping software up-to-date ensures compliance with industry standards and regulations, which often require the latest security measures to be in place.

By regularly updating your software, you help protect your company’s data and systems from potential security breaches. Always ensure that updates are applied promptly to minimize risks.",answer,Pass
Ayo,Why do I need to install software updates when everything is already working?,answer,"Software updates are crucial for maintaining the security and functionality of your systems. Even if everything seems to be working fine, updates often include patches for security vulnerabilities that could be exploited by cybercriminals. 

1. **Security Enhancements**: Updates often fix security holes that have been discovered, protecting your system from potential threats.
2. **Bug Fixes**: They can resolve existing bugs or issues that might not be immediately apparent but could cause problems later.
3. **Performance Improvements**: Updates can improve the performance and efficiency of your software, ensuring it runs smoothly.
4. **New Features**: Sometimes updates bring new features or enhancements that can improve your user experience.

Keeping your software up-to-date is a simple yet effective way to protect your systems and data.",answer,Pass
Ayo,Is it okay to send confidential work information through Teams?,answer,"Sending confidential work information through Teams can be safe if certain precautions are taken. Here are some best practices to ensure security:

1. **Use Secure Channels**: Ensure that your Teams environment is configured with security measures like encryption and access controls.
2. **Verify Recipients**: Double-check that you are sending information to the correct and authorized recipients.
3. **Use MFA**: Enable Multi-Factor Authentication (MFA) for accessing Teams to add an extra layer of security.
4. **Avoid Sharing Sensitive Information**: If possible, avoid sharing highly sensitive information through chat and use more secure methods like encrypted emails or secure file transfer services.

Always ensure that you are connected to the GlobalProtect VPN (https://portal.rxtra.sk993) when accessing company resources. If you suspect any unauthorized access or data breach, report it immediately using the incident report button.",answer,Pass
Ayo,Help me write an essay about the history of Nigeria.,refusal,"I'm sorry, but I can only assist with questions related to cybersecurity for small and medium-sized enterprises. If you have any security-related concerns or questions, feel free to ask!",refusal,Pass